Gold, Prediction
Facebook,Facebook https://t.co/DjcfeWAXoQ
gavin,@deanstopdying gavin
@ DavidMeyler7,@ DavidMeyler7 http://t.co/XnzIzfIyzQ
Germany,Germany http://t.co/ZmUyH0STbg
EU,EU warlock
Comedy Central,Central
APPLE,APPLE iPHONE
@ RoundTeam,@ RoundTeam https://t.co/fBJuRs0VkH
Tumblr,Tumblr http://t.co/3nPF8PaOHA
Chelmsford,Rent Chelmsford
#TeamPhil,#TeamPhil #ClearDreamMatch 970
Yume & Co,Co
North East Lincolnshire,North East
#Middelburg,Thats #Middelburg
@ CurzonWorkers,@ CurzonWorkers http://…
@ justinbieber @ scooterbraun @ Ludacris,@ justinbieber
snapchat,snapchat http://t.co/08seL040Pw
@ halwafyna,@ halwafyna ymgtthf
Big Ben,Ben
I G G Y,G G
#NumpangSpam,#Micf20_ #NumpangSpam 5763231
SAM C,Vote SAM C
Jesus,Jesus opens
solangeUSA,solangeUSA http://t.co/0hdM75Whvi
@ BarryOberholzer,@ BarryOberholzer http://t.co/HJfqXVGZNm
Eric Plott Eric Plott Patricia Plott E . G . Plott,Eric Plott
@ kassmarie_,@ kassmarie_ mami
@ YouTube,YouTube
Kansas City,Fortunately Kansas City
@ xoxoleah_,@ xoxoleah_ wassup
@ ryanbutcher321 @ ijamesmacdonald @ ReganStevely @ GeorgioMartini,@ ryanbutcher321
@ SindycaAvnzr,@ SindycaAvnzr cinsss
Morgan Schneiderlin,Morgan Morgan
George,George drilled
@ justinbieber,@ justinbieber 430
#kashmir,#kashmir #isreal
Toyota,Toyota Front
#UK:,#UK: Candid
ePunk,ePunk Provides
SEC,SEC http://t.co/j…
Mathews,Mathews Mathews
Kim Seung Soo Bertolak,Kim Seung
Sprint,Sprint Network
@ Cure_P_,@ Cure_P_ 5374
Minecraft,Minecraft server com http://t.co/osagtJLn6u
Target,Target http://t.co/vxDYgL5sF8
Ms . Gaynes,Ms
Facebook,Facebook http://t.co/4vvA2oO8k1
Vegas,Vegas Vegas
Medical Park Hastanesi,Medical Park
@ sergen_bt,@ sergen_bt http://t.co/t8fmwb0aXI
Jasper National Park,Jasper National Park http://t.co/oAjjSmC5Tt
@ Live365,@ Live365 http://t.co/sKUWOVQNdY
Air Force School Ambala,Air Force
@ XSTROLOGY,XSTROLOGY
@ luxxeh,@ luxxeh bumbacloct
Twitter,Twitter hoes
Facebook,Facebook hoes
Alexis,Alexis threatening
Premier League,Premier League club
@ eBay,eBay
@ LovelyLouise64,@ LovelyLouise64 http://t.co/wtTZQivUO5
NY ),NY
City Garden Apts,City Garden
South Indians,South
Facebook,Facebook http://t.co/D64jIdjHtS
@ Yubylopez_,@ Yubylopez_ siipi
#Saratoga Co,Co .
@ TradioV,@ TradioV http://t…
@ EmB_style_,@ EmB_style_ lame
Richard Rawson,@JayTheWanted Richard
#Pirate n ' Princess Vacations,Princess Vacations
@ pnpvacations,@ pnpvacations http://t.co/t1WJqiybkw
@ shafeeva1,shafeeva1
@ justinbieber,@ justinbieber 61
@ RussellCosta3,RussellCosta3
@ Dave_Sciarra1,Dave_Sciarra1
@ APesky11,APesky11
@ DanicasandreasD,DanicasandreasD
@ DavidMeyler7,DavidMeyler7 http://t.co/XnzIzfIyzQ
Germany,Germany http://t.co/ZmUyH0STbg
Harrison High School,Harrison
@ WestEndHouseBGC,WestEndHouseBGC
@ DaniellaRosita,DaniellaRosita
@ Dark_Red_Hair,Dark_Red_Hair
@ RoundTeam,@ RoundTeam https://t.co/fBJuRs0VkH
Yume & Co,Co Grimsby
@ BeingSalmanKhan,BeingSalmanKhan
@ bectu,bectu
@ RitzyLivingWage,RitzyLivingWage
@ CurzonWorkers,CurzonWorkers http://…
@ Drake,Drake
@ justinbieber @ scooterbraun @ Ludacris,@ justinbieber
@ halwafyna,@ halwafyna ymgtthf
@ MarkBurnettTV,MarkBurnettTV
@ BarryOberholzer,BarryOberholzer http://t.co/HJfqXVGZNm
@ BalhaTN,BalhaTN
@ melodyJKT48,melodyJKT48
@ nabilahJKT48,nabilahJKT48
@ shaniaJKT48,shaniaJKT48
@ achanJKT48,achanJKT48
@ kassmarie_,@ kassmarie_ mami
@ Walmart,Walmart
@ YouTube,YouTube
@ xoxoleah_,@ xoxoleah_ wassup
@ ryanbutcher321 @ ijamesmacdonald @ ReganStevely @ GeorgioMartini,ryanbutcher321
@ Minzeyh,Minzeyh
@ SindycaAvnzr,@ SindycaAvnzr cinsss
George,George drilled
@ julieplec,julieplec
@ justinbieber,@ justinbieber 430
@ gedoei,gedoei
@ dwimidhaM,dwimidhaM
@ ulfateh,ulfateh
@ shadihamid,shadihamid
@ BrookingsFP,BrookingsFP
@ reddit_AMA,reddit_AMA
Communication Centre,Communication Centre Clerk
Harry,Harry ♡
Sprint,Sprint Network
@ Cure_P_,@ Cure_P_ 5374
Target,Target http://t.co/vxDYgL5sF8
@ Court_Taylor25,Court_Taylor25
@ GhetttoVine,GhetttoVine
@ STAPLESCenter,STAPLESCenter
@ AlianaStoran24,AlianaStoran24
@ SteeleJade,SteeleJade
@ heeey_marie,heeey_marie
@ minimacx2,minimacx2
@ EmilyTutaki,EmilyTutaki
@ GTownPorirua,GTownPorirua
@ KimKardashian,KimKardashian
Medical Park Hastanesi,Medical Park
@ sergen_bt,@ sergen_bt http://t.co/t8fmwb0aXI
@ Live365,@ Live365 http://t.co/sKUWOVQNdY
@ L_E_G,L_E_G
_ O _ S,O _ S
Cassese 's,Cassese
@ XSTROLOGY,XSTROLOGY
@ luxxeh,@ luxxeh bumbacloct
@ eBay,eBay
Bay,whole Bay
@ l8jxx71,l8jxx71
@ lyla_belle2,lyla_belle2
@ xoAmelieX,xoAmelieX
@ LovelyLouise64,LovelyLouise64 http://t.co/wtTZQivUO5
I- 95,I-
NY ),NY
@ IAmOwnedByCats,IAmOwnedByCats
@ Yubylopez_,@ Yubylopez_ siipi
@ veronelle1,veronelle1
@ Kyuseok_Love,Kyuseok_Love
@ ParisBakerJr1,ParisBakerJr1
@ KankichiRyotsu,KankichiRyotsu
@ aUrikLaU,aUrikLaU
@ followBack_080,followBack_080
@ oln_9,oln_9
@ butchey12,butchey12
#Saratoga Co,#Saratoga Co .
@ jeongkookepr,jeongkookepr
@ BIGMIZZIE,BIGMIZZIE
@ TradioV,TradioV http://t…
@ EmB_style_,@ EmB_style_ lame
Richard Rawson,@JayTheWanted Richard Rawson
@ pnpvacations,pnpvacations http://t.co/t1WJqiybkw
@ beachofficial,beachofficial
@ paulcarterpc,paulcarterpc
@ shafeeva1,shafeeva1
@ RussellCosta3,RussellCosta3
@ Dave_Sciarra1,Dave_Sciarra1
@ APesky11,APesky11
The Health and Safety Executive,Safety Executive
@ DanicasandreasD,DanicasandreasD
@ Aileenrms,Aileenrms
@ JacobWhitesides,@SexGoddMendes @ JacobWhitesides
@ DavidMeyler7,DavidMeyler7
Germany,Germany http://t.co/ZmUyH0STbg
@ dat_VALCO_gee,dat_VALCO_gee
@ DaniellaRosita,DaniellaRosita
@ albertkurniawa1,albertkurniawa1
@ LindsyMarcum4,LindsyMarcum4
@ Dark_Red_Hair,Dark_Red_Hair
@ wessexgarages,wessexgarages
@ GreenwichHour,GreenwichHour
@ AtlJetsFan4,AtlJetsFan4
Yume & Co,Yume
Grimsby,Co Grimsby
North East Lincolnshire,North East
@ dcunited,dcunited
@ MarylandMSoccer,MarylandMSoccer
@ kuzy_kawodza,kuzy_kawodza
@ mikekus,mikekus
@ EasilyTempted,EasilyTempted
@ bectu,bectu
@ RitzyLivingWage,RitzyLivingWage
@ CurzonWorkers,CurzonWorkers
Rue Bourbon,Rue
@ ruebourbonph,ruebourbonph
@ Drake,Drake
@ CosmoJenkins,CosmoJenkins
@ justinbieber @ scooterbraun @ Ludacris,@ justinbieber
@ troyesivan,troyesivan
@ StuartScott,StuartScott
I G G Y,G Y
@ IGGYAZALEA,IGGYAZALEA
@ Lolamnc,Lolamnc
@ dedeetAR,dedeetAR
@ MarkBurnettTV,MarkBurnettTV
@ BarryOberholzer,BarryOberholzer
@ BalhaTN,BalhaTN
@ Saksow,Saksow
@ Raed667,Raed667
Stephen A Smith,Stephen
@ buildgreenpro,buildgreenpro
@ SEControls,SEControls
@ melodyJKT48,melodyJKT48
@ nabilahJKT48,nabilahJKT48
@ shaniaJKT48,shaniaJKT48
@ achanJKT48,achanJKT48
@ Walmart,Walmart
@ YouTube,YouTube
@ AshleyNickels,AshleyNickels
@ AmeezyMahomieee,AmeezyMahomieee
@ JadeAndreou,JadeAndreou
@ TheyLoveKeikah_,TheyLoveKeikah_
@ ryanbutcher321 @ ijamesmacdonald @ ReganStevely @ GeorgioMartini,ryanbutcher321
@ Minzeyh,Minzeyh
JAKE,JAKE \ M / #HEVYMETAL\ M
George,George drilled
@ julieplec,julieplec
@ carolinedries,carolinedries
@ DanielRichards0,DanielRichards0
@ bikeshareTO,bikeshareTO
@ HyottieStar1,HyottieStar1
SEC,SEC http://t.co/j…
@ SkaKeller,Ms @ SkaKeller
@ DnoMaz9,DnoMaz9
@ GirlsOnPhones,GirlsOnPhones
@ gedoei,gedoei
@ dwimidhaM,dwimidhaM
@ ulfateh,ulfateh
@ shadihamid,shadihamid
@ BrookingsFP,BrookingsFP
@ FactsOfSchool,FactsOfSchool
@ reddit_AMA,reddit_AMA
Sprint,Sprint Network
Target,Target http://t.co/vxDYgL5sF8
@ Court_Taylor25,Court_Taylor25
@ STAPLESCenter,STAPLESCenter
@ BBCNewsMagazine,BBCNewsMagazine
@ AlianaStoran24,AlianaStoran24
@ Juliasamantha90,Juliasamantha90
@ SteeleJade,SteeleJade
@ heeey_marie,heeey_marie
@ _Abryanna_,_Abryanna_
@ minimacx2,minimacx2
@ EmilyTutaki,EmilyTutaki
@ GTownPorirua,GTownPorirua
@ WhitireiaCampus,WhitireiaCampus
Vegas,Vegas Vegas
@ KimKardashian,KimKardashian
Medical Park Hastanesi,Medical Park
@ WayneMeisel12,WayneMeisel12
@ CatholicVolNet,CatholicVolNet
@ officialR5,officialR5
@ TheVampsband,TheVampsband
@ AustinMahone,AustinMahone
_ O _ S,O _ S
Air Force School Ambala,Air Force
Stoke,Stoke :D
Justin,Justin ever
@ XSTROLOGY,XSTROLOGY
@ mrsrollindiva,mrsrollindiva
@ eBay,eBay
@ warriors,warriors
Bay,whole Bay
@ l8jxx71,l8jxx71
@ lyla_belle2,lyla_belle2
@ xoAmelieX,xoAmelieX
@ LovelyLouise64,LovelyLouise64
@ inRecruit,inRecruit
@ IAmOwnedByCats,IAmOwnedByCats
@ Fuzzypaw,Fuzzypaw
@ jonnyknowles1,jonnyknowles1
Poland,Poland BLM
@ veronelle1,veronelle1
@ Kyuseok_Love,Kyuseok_Love
@ ParisBakerJr1,ParisBakerJr1
@ KankichiRyotsu,KankichiRyotsu
@ aUrikLaU,aUrikLaU
@ followBack_080,followBack_080
@ oln_9,oln_9
@ butchey12,butchey12
#Saratoga Co,#Saratoga Co .
@ jeongkookepr,jeongkookepr
Richard Rawson,@JayTheWanted Richard Rawson
#Pirate n ' Princess Vacations,Princess Vacations
@ pnpvacations,pnpvacations
@ sorellangeles,sorellangeles
@ beachofficial,beachofficial
@ paulcarterpc,paulcarterpc
